Geo-Name;Geo-ID;Jahr;Pflichtschule*;Lehre;BMS;AHS;BHS;Kolleg;AkademikerInnen
Wien;Wien;2008;22,05;26,58;11,84;9,96;8,3;1,02;20,26
Wien;Wien;2009;22,71;25,76;11,53;9,85;8,11;1,04;20,99
Wien;Wien;2010;23,04;25,18;11,28;10;8,12;1,02;21,36
Wien;Wien;2011;23,17;24,67;11,12;9,9;8,1;0,98;22,07
Wien;Wien;2012;23,26;24,01;10,89;9,79;8,13;0,99;22,93
Wien;Wien;2013;23,77;23,22;10,58;9,73;7,95;0,99;23,77
Wien;Wien;2014;24,06;22,53;10,37;9,74;7,96;1;24,34
Wien;Wien;2015;22,53;23,19;9,89;10,42;7,88;0,96;25,13
Wien;Wien;2016;22,43;22,82;9,74;10,56;7,82;0,98;25,65
Wien;Wien;2017;21,97;22,61;9,66;10,91;7,69;1;26,16
Wien;Wien;2018;21,72;22,09;9,46;11,12;7,56;1;27,06
Wien;Wien;2019;21,42;21,63;9,28;11,18;7,53;1,02;27,93
Wien;Wien;2020;21,34;21,06;9,07;11,26;7,5;1,03;28,73
Wien;Wien;2021;21,16;20,68;8,88;11,29;7,44;1,04;29,51
Wien;Wien;2022;21,02;20,13;8,82;11,28;7,38;1,04;30,32
Wien;Wien;2023;21,05;19,65;8,62;11,3;7,3;1,04;31,03
1. Innere Stadt;90100;2008;11,68;13,02;8,88;16,1;7,45;1,33;41,53
1. Innere Stadt;90100;2009;12,03;12,83;8,48;15,98;7,09;1,3;42,3
1. Innere Stadt;90100;2010;11,65;12,32;8,35;16,15;7,19;1,23;43,11
1. Innere Stadt;90100;2011;11,27;11,9;7,95;16,12;6,74;1,25;44,77
1. Innere Stadt;90100;2012;11,1;11,7;7,79;15,65;6,77;1,16;45,84
1. Innere Stadt;90100;2013;10,97;11,18;7,63;15,29;6,83;1,18;46,91
1. Innere Stadt;90100;2014;10,71;10,98;7,58;15,12;6,82;1,2;47,61
1. Innere Stadt;90100;2015;9,59;10,1;7,82;14,81;7,21;1,21;49,27
1. Innere Stadt;90100;2016;9,29;10,23;7,63;15,26;6,93;1,09;49,57
1. Innere Stadt;90100;2017;8,88;10,17;7,81;15,63;6,95;1,02;49,55
1. Innere Stadt;90100;2018;8,65;9,51;7,53;15,7;7;1,06;50,54
1. Innere Stadt;90100;2019;8,55;9,2;7,07;15,46;7,04;1,1;51,58
1. Innere Stadt;90100;2020;8,09;9,06;6,92;15,5;6,97;0,97;52,49
1. Innere Stadt;90100;2021;8,13;8,68;6,87;15,34;7,04;0,9;53,04
1. Innere Stadt;90100;2022;7,72;9,18;7,14;15,04;6,8;0,98;53,15
1. Innere Stadt;90100;2023;7,36;9,1;7,07;15,27;6,82;0,97;53,42
2. Leopoldstadt;90200;2008;24,89;24,56;9,79;10,41;7,74;0,91;21,71
2. Leopoldstadt;90200;2009;25,35;23,58;9,5;10,19;7,49;0,95;22,94
2. Leopoldstadt;90200;2010;25,91;22,92;9,08;10,38;7,39;0,96;23,37
2. Leopoldstadt;90200;2011;25,85;22,22;8,96;10,2;7,34;0,9;24,54
2. Leopoldstadt;90200;2012;24,89;21,38;8,85;10,19;7,47;0,93;26,29
2. Leopoldstadt;90200;2013;25,13;20,57;8,4;10,18;7,32;0,92;27,48
2. Leopoldstadt;90200;2014;24,82;19,65;8,32;10,34;7,34;0,93;28,6
2. Leopoldstadt;90200;2015;22,82;20,04;7,79;11,01;7,25;0,87;30,22
2. Leopoldstadt;90200;2016;22,3;19,66;7,71;11,13;7,23;0,89;31,08
2. Leopoldstadt;90200;2017;21,41;19,36;7,65;11,52;7,13;0,91;32,04
2. Leopoldstadt;90200;2018;20,76;18,62;7,49;11,7;6,91;0,91;33,61
2. Leopoldstadt;90200;2019;19,97;17,83;7,49;11,84;6,79;0,97;35,1
2. Leopoldstadt;90200;2020;19,46;17,01;7,4;11,87;6,64;0,97;36,65
2. Leopoldstadt;90200;2021;18,99;16,49;7,33;11,91;6,47;1;37,81
2. Leopoldstadt;90200;2022;18,28;15,8;7,36;11,84;6,65;1,04;39,04
2. Leopoldstadt;90200;2023;17,76;15,17;7,22;11,72;6,58;1,01;40,55
3. Landstraße;90300;2008;19,95;20,73;10,15;12,17;8,41;1,23;27,36
3. Landstraße;90300;2009;20,14;19,95;9,81;12,09;8,31;1,24;28,45
3. Landstraße;90300;2010;20,34;19,38;9,67;12,04;8,3;1,24;29,03
3. Landstraße;90300;2011;20,33;18,82;9,45;11,94;8,28;1,23;29,94
3. Landstraße;90300;2012;19,97;18,26;9,21;11,74;8,34;1,2;31,28
3. Landstraße;90300;2013;20,08;17,58;8,88;11,74;8,03;1,21;32,47
3. Landstraße;90300;2014;20,1;16,95;8,78;11,53;8,1;1,22;33,32
3. Landstraße;90300;2015;17,79;17,68;8,51;12,18;8,03;1,15;34,66
3. Landstraße;90300;2016;17,67;17,37;8,46;12,14;8,07;1,15;35,14
3. Landstraße;90300;2017;17,07;17,19;8,41;12,38;7,77;1,22;35,95
3. Landstraße;90300;2018;16,51;16,63;8,16;12,58;7,76;1,22;37,15
3. Landstraße;90300;2019;16,18;16,1;7,97;12,6;7,63;1,22;38,3
3. Landstraße;90300;2020;15,78;15,55;7,72;12,67;7,61;1,21;39,45
3. Landstraße;90300;2021;15,06;15,08;7,51;12,54;7,6;1,22;40,99
3. Landstraße;90300;2022;14,69;14,61;7,64;12,34;7,52;1,2;42
3. Landstraße;90300;2023;14,55;14,21;7,3;12,35;7,41;1,19;42,99
4. Wieden;90400;2008;14,16;15,23;8,83;14,62;8,7;1,27;37,19
4. Wieden;90400;2009;14,48;14,51;8,31;14,14;8,89;1,31;38,35
4. Wieden;90400;2010;14,73;14,35;7,99;14,4;8,84;1,28;38,41
4. Wieden;90400;2011;14,77;14,07;7,76;14,12;8,59;1,28;39,4
4. Wieden;90400;2012;14,53;13,51;7,5;13,82;8,71;1,3;40,63
4. Wieden;90400;2013;14,73;12,99;7,29;13,81;8,46;1,18;41,53
4. Wieden;90400;2014;14,54;12,58;7,26;13,63;8,38;1,25;42,36
4. Wieden;90400;2015;13,8;13,33;6,92;13,81;8,17;1,1;42,89
4. Wieden;90400;2016;13,71;13,1;6,76;13,89;8,07;1,1;43,38
4. Wieden;90400;2017;13,13;12,9;6,69;14,5;7,55;1,1;44,14
4. Wieden;90400;2018;12,57;12,35;6,37;14,29;7,51;1,13;45,78
4. Wieden;90400;2019;12,15;11,93;6,3;14,13;7,03;1,16;47,3
4. Wieden;90400;2020;11,78;11,47;6,19;14,02;7,12;1,16;48,26
4. Wieden;90400;2021;11,5;11,32;6,19;13,84;6,95;1,12;49,09
4. Wieden;90400;2022;11,43;10,74;6,26;13,67;6,9;1,09;49,91
4. Wieden;90400;2023;11,57;10,49;5,93;13,4;6,76;1,09;50,77
5. Margareten;90500;2008;24,95;21,92;9,31;11,19;8,2;1,15;23,27
5. Margareten;90500;2009;25,47;20,96;8,92;11,12;7,92;1,15;24,46
5. Margareten;90500;2010;25,58;20,25;8,65;11,32;8,02;1,11;25,06
5. Margareten;90500;2011;25,46;19,76;8,53;11,18;7,91;1,11;26,05
5. Margareten;90500;2012;25,27;19,2;8,51;11,09;7,81;1,13;26,98
5. Margareten;90500;2013;25,49;18,45;8,21;11,14;7,56;1,11;28,03
5. Margareten;90500;2014;25,7;17,67;8,05;11,13;7,66;1,1;28,69
5. Margareten;90500;2015;24,06;18,35;7,56;11,99;7,52;1,06;29,45
5. Margareten;90500;2016;23,47;17,95;7,53;12,15;7,45;1,09;30,36
5. Margareten;90500;2017;22,36;17,64;7,43;12,86;7,21;1,14;31,37
5. Margareten;90500;2018;21,54;17,26;7,06;13,17;6,93;1,15;32,89
5. Margareten;90500;2019;20,99;16,68;6,92;13,19;7,02;1,15;34,05
5. Margareten;90500;2020;20,7;16,23;6,75;13,33;6,74;1,12;35,11
5. Margareten;90500;2021;20,42;15,84;6,46;13,25;6,66;1,06;36,31
5. Margareten;90500;2022;20,29;15,19;6,46;13,29;6,49;1,04;37,23
5. Margareten;90500;2023;20,28;14,74;6,36;13,01;6,34;1,07;38,19
6. Mariahilf;90600;2008;15,12;17,11;9,36;14,18;9,42;1,49;33,33
6. Mariahilf;90600;2009;15,6;16,49;8,9;14;9,24;1,47;34,3
6. Mariahilf;90600;2010;15,49;15,92;8,74;14,05;9,12;1,42;35,25
6. Mariahilf;90600;2011;15,16;15,15;8,57;13,89;9,09;1,3;36,84
6. Mariahilf;90600;2012;15,27;14,88;8,36;13,46;9,04;1,2;37,79
6. Mariahilf;90600;2013;15,61;14,23;8,04;13,62;8,51;1,32;38,67
6. Mariahilf;90600;2014;15,92;13,86;7,97;13,43;8,32;1,3;39,2
6. Mariahilf;90600;2015;14,43;14,55;7,3;13,9;8,14;1,12;40,56
6. Mariahilf;90600;2016;14,25;14,13;6,97;13,88;8,06;1,23;41,48
6. Mariahilf;90600;2017;13,85;13,96;6,85;14,22;7,71;1,23;42,17
6. Mariahilf;90600;2018;13,31;13,76;6,75;14,61;7,3;1,19;43,07
6. Mariahilf;90600;2019;12,82;13,24;6,44;14,3;7,31;1,24;44,63
6. Mariahilf;90600;2020;12,37;12,52;6,09;14,41;7,2;1,33;46,08
6. Mariahilf;90600;2021;11,7;12,05;6,09;14,42;7,16;1,3;47,27
6. Mariahilf;90600;2022;11,63;11,61;6,11;13,81;7,13;1,2;48,51
6. Mariahilf;90600;2023;11,51;11,27;6,03;13,5;6,88;1,16;49,65
7. Neubau;90700;2008;14,39;15,06;8,89;14,64;8,97;1,46;36,59
7. Neubau;90700;2009;14,29;14,28;8,58;14,22;8,89;1,53;38,21
7. Neubau;90700;2010;13,9;13,56;8,28;14,47;8,88;1,46;39,45
7. Neubau;90700;2011;13,26;13,36;8,3;14,13;8,7;1,26;40,98
7. Neubau;90700;2012;13,11;12,92;8,06;14,12;8,76;1,29;41,73
7. Neubau;90700;2013;13,04;12,44;7,66;13,58;8,37;1,3;43,61
7. Neubau;90700;2014;13,1;11,9;7,37;13,54;8,33;1,28;44,49
7. Neubau;90700;2015;11,94;11,97;6,96;13,66;8,18;1,26;46,02
7. Neubau;90700;2016;11,69;11,96;6,74;13,62;8,06;1,29;46,64
7. Neubau;90700;2017;11,13;11,93;6,46;14,22;7,75;1,31;47,21
7. Neubau;90700;2018;10,67;11,31;6,07;14,36;7,36;1,33;48,89
7. Neubau;90700;2019;9,99;11,17;6;14,15;7,45;1,33;49,91
7. Neubau;90700;2020;9,51;10,56;5,61;14,07;7,15;1,41;51,69
7. Neubau;90700;2021;8,97;10,12;5,44;13,9;7,14;1,37;53,06
7. Neubau;90700;2022;8,54;9,79;5,41;13,66;6,95;1,34;54,31
7. Neubau;90700;2023;8,41;9,43;5,34;13,2;6,75;1,26;55,62
8. Josefstadt;90800;2008;11,87;13,23;8,23;15,28;8,79;1,35;41,25
8. Josefstadt;90800;2009;11,9;12,87;8,1;15,09;8,67;1,32;42,05
8. Josefstadt;90800;2010;11,83;12,65;7,87;15,2;8,61;1,28;42,56
8. Josefstadt;90800;2011;11,34;12,39;7,81;15,21;8,49;1,26;43,51
8. Josefstadt;90800;2012;11,66;12,32;7,58;14,84;8,04;1,14;44,42
8. Josefstadt;90800;2013;12,06;11,92;7,38;14,41;7,75;1,11;45,37
8. Josefstadt;90800;2014;12,07;11,76;7,03;14,2;8,01;1,13;45,79
8. Josefstadt;90800;2015;11,5;11,52;6,93;14,48;7,45;1,1;47,02
8. Josefstadt;90800;2016;11,33;11,55;6,75;14,35;7,39;1,12;47,49
8. Josefstadt;90800;2017;10,65;11,61;6,82;14,65;6,96;1,12;48,19
8. Josefstadt;90800;2018;9,98;10,83;6,74;14,95;6,87;1,15;49,5
8. Josefstadt;90800;2019;9,61;10,77;6,49;14,62;6,61;1,13;50,77
8. Josefstadt;90800;2020;9,51;10,02;6,28;14,53;6,55;1,11;52
8. Josefstadt;90800;2021;9,28;9,98;5,98;14,42;6,42;1,07;52,85
8. Josefstadt;90800;2022;8,96;9,76;5,97;14,04;6,35;1,12;53,8
8. Josefstadt;90800;2023;8,84;9,45;5,71;14,23;6,38;1;54,39
9. Alsergrund;90900;2008;14,6;15,43;8,63;14,61;8,72;1,25;36,77
9. Alsergrund;90900;2009;14,38;14,79;8,34;14,15;8,65;1,27;38,42
9. Alsergrund;90900;2010;14,14;14,27;8,01;14,61;8,61;1,25;39,1
9. Alsergrund;90900;2011;13,89;13,8;7,81;14,52;8,35;1,14;40,5
9. Alsergrund;90900;2012;13,62;13,49;7,82;13,99;8,29;1,11;41,67
9. Alsergrund;90900;2013;13,47;12,86;7,74;13,6;7,85;1,12;43,37
9. Alsergrund;90900;2014;13,33;12,34;7,42;13,61;7,76;1,18;44,37
9. Alsergrund;90900;2015;12,34;12,71;7,04;13,82;7,49;1,12;45,47
9. Alsergrund;90900;2016;12,1;12,12;7,07;13,75;7,49;1,12;46,35
9. Alsergrund;90900;2017;11,95;11,9;6,77;14,44;7,29;1,14;46,52
9. Alsergrund;90900;2018;11,53;11,25;6,52;14,23;6,88;1,05;48,54
9. Alsergrund;90900;2019;11,02;10,83;6,29;14,23;6,78;0,99;49,86
9. Alsergrund;90900;2020;10,6;10,47;6,06;14,08;6,69;1,04;51,05
9. Alsergrund;90900;2021;10,24;10,29;5,85;13,74;6,61;1,06;52,22
9. Alsergrund;90900;2022;10,1;10,35;6,2;13,23;6,4;1,01;52,71
9. Alsergrund;90900;2023;9,77;9,78;5,75;13,16;6,27;1,06;54,21
10. Favoriten;91000;2008;29,28;32,59;12,33;7,11;7,42;0,76;10,51
10. Favoriten;91000;2009;30,61;31,61;12,01;7,04;7,13;0,78;10,83
10. Favoriten;91000;2010;31,43;30,99;11,67;7,05;7,16;0,77;10,93
10. Favoriten;91000;2011;32,06;30,29;11,48;7,03;7,14;0,75;11,25
10. Favoriten;91000;2012;33,14;29,37;11,18;6,96;7,13;0,76;11,46
10. Favoriten;91000;2013;34,32;28,24;10,85;6,93;7;0,73;11,93
10. Favoriten;91000;2014;34,47;27,42;10,6;7,02;7,22;0,76;12,51
10. Favoriten;91000;2015;33,01;28,47;9,97;7,92;7,1;0,72;12,8
10. Favoriten;91000;2016;33,11;27,97;9,8;8,15;7,06;0,71;13,21
10. Favoriten;91000;2017;32,65;27,64;9,69;8,52;7,04;0,74;13,71
10. Favoriten;91000;2018;32,75;27,08;9,36;8,76;6,99;0,73;14,34
10. Favoriten;91000;2019;32,49;26,58;9,06;9,05;6,96;0,74;15,12
10. Favoriten;91000;2020;32,47;25,71;8,94;9,25;6,98;0,75;15,91
10. Favoriten;91000;2021;32,38;25,06;8,75;9,46;6,94;0,8;16,61
10. Favoriten;91000;2022;32,44;24,36;8,65;9,6;6,83;0,79;17,34
10. Favoriten;91000;2023;32,73;23,77;8,52;9,72;6,7;0,78;17,78
11. Simmering;91100;2008;26,32;35,66;13,46;6,84;7,7;0,75;9,29
11. Simmering;91100;2009;27,35;34,67;13,24;6,88;7,46;0,74;9,66
11. Simmering;91100;2010;27,78;34,13;13,12;7,02;7,6;0,72;9,64
11. Simmering;91100;2011;28,05;33,64;13,03;7;7,67;0,67;9,94
11. Simmering;91100;2012;28,39;32,95;12,92;6,96;7,76;0,68;10,34
11. Simmering;91100;2013;29,19;32,28;12,6;6,96;7,67;0,68;10,62
11. Simmering;91100;2014;29,88;31,33;12,32;7,1;7,58;0,71;11,07
11. Simmering;91100;2015;28,35;31,81;11,84;7,89;7,7;0,68;11,73
11. Simmering;91100;2016;28,48;31,29;11,66;8,1;7,56;0,7;12,2
11. Simmering;91100;2017;27,95;31,13;11,46;8,48;7,52;0,72;12,73
11. Simmering;91100;2018;27,86;30,68;11,33;8,68;7,42;0,71;13,32
11. Simmering;91100;2019;28,09;30,16;11,05;8,77;7,39;0,75;13,79
11. Simmering;91100;2020;28,18;29,57;10,87;8,92;7,44;0,77;14,25
11. Simmering;91100;2021;28,34;29,16;10,56;9,14;7,45;0,8;14,55
11. Simmering;91100;2022;28,54;28,51;10,5;9,28;7,39;0,78;15
11. Simmering;91100;2023;28,91;27,75;10,25;9,35;7,37;0,77;15,6
12. Meidling;91200;2008;27,05;27,84;11,92;8,68;8;0,82;15,68
12. Meidling;91200;2009;28;26,93;11,6;8,63;7,73;0,83;16,28
12. Meidling;91200;2010;28,45;26,27;11,32;8,73;7,76;0,86;16,61
12. Meidling;91200;2011;28,9;25,69;11,19;8,73;7,68;0,81;17
12. Meidling;91200;2012;28,83;25,05;11,01;8,6;7,75;0,79;17,96
12. Meidling;91200;2013;29,43;24,26;10,6;8,62;7,49;0,82;18,76
12. Meidling;91200;2014;29,85;23,68;10,48;8,65;7,52;0,87;18,96
12. Meidling;91200;2015;28,67;24,61;9,94;9,27;7,29;0,82;19,39
12. Meidling;91200;2016;28,55;24,2;9,78;9,5;7,3;0,84;19,84
12. Meidling;91200;2017;27,72;23,93;9,79;9,91;7,25;0,86;20,54
12. Meidling;91200;2018;27,23;23,3;9,71;10,19;7,19;0,88;21,5
12. Meidling;91200;2019;26,95;22,64;9,58;10,29;7,24;0,9;22,39
12. Meidling;91200;2020;27,09;21,95;9,28;10,51;7,29;0,91;22,97
12. Meidling;91200;2021;26,97;21,6;9,02;10,53;7,2;0,91;23,76
12. Meidling;91200;2022;26,84;20,85;8,98;10,68;7,18;0,9;24,58
12. Meidling;91200;2023;26,78;20,16;8,82;10,86;7,05;0,93;25,4
13. Hietzing;91300;2008;11,29;18,12;12,5;12,95;9,22;1,48;34,44
13. Hietzing;91300;2009;11,64;17,63;12,1;12,49;8,97;1,53;35,64
13. Hietzing;91300;2010;11,75;17,24;11,75;12,69;9,01;1,52;36,04
13. Hietzing;91300;2011;11,82;16,93;11,42;12,52;8,9;1,43;36,97
13. Hietzing;91300;2012;12,15;16,55;10,87;12,35;8,84;1,35;37,89
13. Hietzing;91300;2013;12,52;16,17;10,56;12,24;8,63;1,25;38,63
13. Hietzing;91300;2014;12,95;15,8;10,31;12,2;8,66;1,21;38,86
13. Hietzing;91300;2015;11,76;16,41;9,58;12,89;8,69;1,19;39,47
13. Hietzing;91300;2016;12,01;16,22;9,45;12,93;8,51;1,19;39,69
13. Hietzing;91300;2017;11,58;15,79;9,45;12,99;8,53;1,2;40,47
13. Hietzing;91300;2018;11,28;15,27;9,13;13,25;8,47;1,18;41,41
13. Hietzing;91300;2019;11,16;14,96;8,86;13,23;8,34;1,2;42,25
13. Hietzing;91300;2020;11,43;14,53;8,62;13,19;8,29;1,18;42,76
13. Hietzing;91300;2021;11,27;14,14;8,42;13,04;8,24;1,15;43,74
13. Hietzing;91300;2022;11,29;13,64;8,32;12,89;8,14;1,21;44,52
13. Hietzing;91300;2023;11,42;13,63;8,07;12,76;8,05;1,17;44,9
14. Penzing;91400;2008;19,65;25,86;13,28;10,16;8,98;1,15;20,93
14. Penzing;91400;2009;20,18;25,2;12,89;10,08;8,76;1,16;21,72
14. Penzing;91400;2010;20,55;24,47;12,6;10,23;8,71;1,18;22,26
14. Penzing;91400;2011;20,55;24,12;12,26;10,12;8,66;1,12;23,17
14. Penzing;91400;2012;20,51;23,35;11,99;10,19;8,7;1,15;24,11
14. Penzing;91400;2013;20,95;22,5;11,81;9,95;8,6;1,18;25,02
14. Penzing;91400;2014;21,35;21,91;11,42;9,97;8,59;1,16;25,61
14. Penzing;91400;2015;19,78;22,89;10,73;10,86;8,37;1,15;26,22
14. Penzing;91400;2016;19,67;22,59;10,59;10,97;8,31;1,17;26,7
14. Penzing;91400;2017;19,31;22,07;10,66;11,1;8,22;1,22;27,42
14. Penzing;91400;2018;19,07;21,38;10,58;11,39;7,97;1,18;28,42
14. Penzing;91400;2019;18,96;20,9;10,27;11,47;8,15;1,21;29,05
14. Penzing;91400;2020;18,73;20,35;10,07;11,57;8,11;1,22;29,96
14. Penzing;91400;2021;18,37;19,98;9,87;11,65;7,99;1,25;30,89
14. Penzing;91400;2022;18,34;19,38;9,61;11,64;7,9;1,21;31,92
14. Penzing;91400;2023;18,18;18,61;9,17;11,78;7,87;1,26;33,14
15. Rudolfsheim-Fünfhaus;91500;2008;30,6;25,52;10,2;9,13;7,25;0,81;16,49
15. Rudolfsheim-Fünfhaus;91500;2009;31,27;24,62;9,85;9,11;7,08;0,89;17,18
15. Rudolfsheim-Fünfhaus;91500;2010;31,29;24;9,69;9,43;7,1;0,85;17,65
15. Rudolfsheim-Fünfhaus;91500;2011;31,25;23,51;9,58;9,32;7,05;0,83;18,46
15. Rudolfsheim-Fünfhaus;91500;2012;30,77;22,8;9,29;9,26;7,25;0,89;19,74
15. Rudolfsheim-Fünfhaus;91500;2013;31,11;22;8,99;9,28;7,04;0,9;20,68
15. Rudolfsheim-Fünfhaus;91500;2014;31,48;21,03;8,86;9,29;7,16;0,9;21,28
15. Rudolfsheim-Fünfhaus;91500;2015;28,73;22,82;8,12;10,6;7,01;0,87;21,86
15. Rudolfsheim-Fünfhaus;91500;2016;28,23;22,42;8;10,85;6,93;0,85;22,72
15. Rudolfsheim-Fünfhaus;91500;2017;27,43;22,3;8,06;11,5;6,82;0,89;23
15. Rudolfsheim-Fünfhaus;91500;2018;26,77;21,91;7,89;11,66;6,64;0,92;24,2
15. Rudolfsheim-Fünfhaus;91500;2019;25,91;21,32;7,76;11,78;6,72;0,9;25,61
15. Rudolfsheim-Fünfhaus;91500;2020;25,59;20,57;7,59;11,81;6,76;0,96;26,72
15. Rudolfsheim-Fünfhaus;91500;2021;25,4;20,02;7,43;11,83;6,57;0,95;27,8
15. Rudolfsheim-Fünfhaus;91500;2022;24,94;19,17;7,27;11,97;6,65;0,95;29,06
15. Rudolfsheim-Fünfhaus;91500;2023;25,1;18,64;7,3;11,82;6,46;0,93;29,75
16. Ottakring;91600;2008;28,17;26,22;11,03;9,17;7,55;0,87;16,99
16. Ottakring;91600;2009;28,88;25,19;10,75;9,12;7,33;0,88;17,84
16. Ottakring;91600;2010;29,33;24,4;10,38;9,29;7,4;0,89;18,31
16. Ottakring;91600;2011;29,05;23,89;10,26;9,29;7,35;0,83;19,34
16. Ottakring;91600;2012;28,8;23,02;10,25;9,24;7,44;0,89;20,37
16. Ottakring;91600;2013;29,42;22,01;9,84;9,19;7,21;0,89;21,43
16. Ottakring;91600;2014;29,79;21,32;9,69;9,15;7,14;0,9;22,01
16. Ottakring;91600;2015;27,92;22,33;9,6;9,89;6,81;0,83;22,62
16. Ottakring;91600;2016;27,67;22,03;9,37;10,1;6,69;0,83;23,32
16. Ottakring;91600;2017;26,93;21,96;9,38;10,48;6,6;0,86;23,8
16. Ottakring;91600;2018;26,4;21,41;9,34;10,85;6,5;0,87;24,64
16. Ottakring;91600;2019;26,01;20,93;9,24;10,91;6,51;0,91;25,49
16. Ottakring;91600;2020;25,66;20,28;9,07;11,17;6,48;0,95;26,4
16. Ottakring;91600;2021;25,56;19,95;8,96;11,13;6,33;0,97;27,1
16. Ottakring;91600;2022;25,73;19,33;8,82;11,27;6,21;0,97;27,67
16. Ottakring;91600;2023;25,68;18,79;8,63;11,36;6,16;1;28,39
17. Hernals;91700;2008;24,07;22,96;10,68;10,56;7,82;1,08;22,83
17. Hernals;91700;2009;24,62;22,19;10,33;10,32;7,62;1,13;23,78
17. Hernals;91700;2010;24,86;21,63;10,08;10,52;7,43;1,07;24,4
17. Hernals;91700;2011;24,86;21,07;9,96;10,32;7,57;1,02;25,21
17. Hernals;91700;2012;24,58;20,52;9,75;10,3;7,56;1,01;26,29
17. Hernals;91700;2013;24,97;19,49;9,51;10,26;7,37;1,02;27,39
17. Hernals;91700;2014;25,24;19,06;9,15;10,18;7,26;1,05;28,05
17. Hernals;91700;2015;23,57;20,02;8,87;10,77;7,07;1,05;28,64
17. Hernals;91700;2016;23,1;19,58;8,91;11,12;7,02;1,08;29,2
17. Hernals;91700;2017;22,24;19,34;8,74;11,56;6,89;1,06;30,16
17. Hernals;91700;2018;21,86;18,67;8,65;11,69;6,76;1,09;31,28
17. Hernals;91700;2019;21,28;18,17;8,64;11,73;6,68;1,11;32,39
17. Hernals;91700;2020;21,33;17,55;8,18;11,81;6,71;1,1;33,32
17. Hernals;91700;2021;20,83;17,27;7,98;11,94;6,53;1,13;34,32
17. Hernals;91700;2022;20,61;16,76;7,99;11,8;6,36;1,13;35,35
17. Hernals;91700;2023;20,54;16,3;7,88;11,84;6,37;1,14;35,92
18. Währing;91800;2008;15,33;16,65;9,4;13,06;8,08;1,19;36,29
18. Währing;91800;2009;15,56;16,03;9,13;12,84;7,76;1,24;37,44
18. Währing;91800;2010;15,26;15,32;8,81;13,32;7,68;1,2;38,4
18. Währing;91800;2011;15,06;14,78;8,64;12,95;7,62;1,19;39,76
18. Währing;91800;2012;14,97;14,43;8,3;12,77;7,54;1,17;40,82
18. Währing;91800;2013;15,02;13,89;8,04;12,6;7,37;1,14;41,95
18. Währing;91800;2014;15,16;13,44;7,8;12,56;7,26;1,18;42,59
18. Währing;91800;2015;14,01;13,77;7,52;12,82;7,03;1,12;43,72
18. Währing;91800;2016;13,63;13,47;7,43;12,97;7,02;1,12;44,36
18. Währing;91800;2017;13,36;13,09;7,41;13,19;6,82;1,14;44,99
18. Währing;91800;2018;13,04;12,58;7,07;13,16;6,55;1,13;46,47
18. Währing;91800;2019;12,31;12,16;7;13,1;6,5;1,15;47,77
18. Währing;91800;2020;12,05;11,71;6,75;13,1;6,36;1,12;48,91
18. Währing;91800;2021;11,66;11,24;6,6;13,02;6,34;1,07;50,07
18. Währing;91800;2022;11,32;10,89;6,64;13;6,18;1,1;50,87
18. Währing;91800;2023;11,07;10,7;6,42;12,83;6,07;1,11;51,81
19. Döbling;91900;2008;14,44;19,85;10,66;13,44;8,39;1,29;31,94
19. Döbling;91900;2009;14,73;19,17;10,34;13,23;8,44;1,27;32,81
19. Döbling;91900;2010;14,98;18,71;10;13,54;8,28;1,23;33,27
19. Döbling;91900;2011;15,02;18,2;9,9;13,32;8,24;1,14;34,18
19. Döbling;91900;2012;15,13;17,6;9,67;13,04;8,17;1,15;35,24
19. Döbling;91900;2013;15,46;16,94;9,38;12,98;7,98;1,15;36,11
19. Döbling;91900;2014;15,74;16,53;9,13;13;7,89;1,14;36,57
19. Döbling;91900;2015;14,26;16,67;8,64;13,51;7,88;1,11;37,93
19. Döbling;91900;2016;14,33;16,59;8,51;13,4;7,82;1,1;38,25
19. Döbling;91900;2017;14,28;16,54;8,55;13,53;7,59;1,16;38,34
19. Döbling;91900;2018;14,16;16;8,26;13,7;7,27;1,18;39,43
19. Döbling;91900;2019;13,93;15,88;8,12;13,59;7,18;1,16;40,14
19. Döbling;91900;2020;13,96;15,27;7,87;13,63;7,12;1,16;40,98
19. Döbling;91900;2021;13,83;14,94;7,72;13,41;7,11;1,15;41,84
19. Döbling;91900;2022;13,63;14,53;7,92;13,26;7,01;1,2;42,44
19. Döbling;91900;2023;13,57;14,15;7,69;13,25;6,95;1,17;43,21
20. Brigittenau;92000;2008;29,93;27,9;10,74;8,55;7,24;0,79;14,85
20. Brigittenau;92000;2009;30,92;26,85;10,42;8,48;7,04;0,78;15,5
20. Brigittenau;92000;2010;31,5;26,11;10,17;8,6;7,08;0,78;15,76
20. Brigittenau;92000;2011;31,74;25,31;9,93;8,61;7,18;0,76;16,47
20. Brigittenau;92000;2012;31,83;24,71;9,65;8,55;7,09;0,74;17,44
20. Brigittenau;92000;2013;32,55;23,86;9,46;8,52;6,71;0,76;18,14
20. Brigittenau;92000;2014;33,12;23,13;9,21;8,68;6,67;0,76;18,43
20. Brigittenau;92000;2015;31,11;23,71;8,6;9,66;6,69;0,74;19,5
20. Brigittenau;92000;2016;30,91;23,43;8,55;9,91;6,6;0,74;19,86
20. Brigittenau;92000;2017;30,5;23,28;8,38;10,35;6,38;0,74;20,37
20. Brigittenau;92000;2018;29,88;22,72;8,46;10,83;6,28;0,75;21,08
20. Brigittenau;92000;2019;29,32;22,03;8,4;11,05;6,16;0,77;22,27
20. Brigittenau;92000;2020;29,14;21,31;8,33;11,08;6,17;0,76;23,22
20. Brigittenau;92000;2021;28,62;20,83;8,14;11,27;6,05;0,82;24,26
20. Brigittenau;92000;2022;28,09;20,32;8,2;11,37;6,07;0,83;25,12
20. Brigittenau;92000;2023;27,91;19,61;8,09;11,43;6,06;0,84;26,06
21. Floridsdorf;92100;2008;21,7;35,42;14,19;7,59;8,31;0,83;11,96
21. Floridsdorf;92100;2009;22,51;34,54;13,97;7,6;8,17;0,86;12,37
21. Floridsdorf;92100;2010;22,91;33,87;13,78;7,75;8,21;0,85;12,64
21. Floridsdorf;92100;2011;23,21;33,15;13,67;7,76;8,18;0,82;13,22
21. Floridsdorf;92100;2012;23,62;32,46;13,42;7,73;8,27;0,84;13,67
21. Floridsdorf;92100;2013;24,19;31,72;13,08;7,7;8,2;0,84;14,27
21. Floridsdorf;92100;2014;24,79;30,88;12,84;7,66;8,3;0,87;14,66
21. Floridsdorf;92100;2015;23,55;31,33;12,34;8,33;8,29;0,87;15,29
21. Floridsdorf;92100;2016;23,72;30,7;12,14;8,45;8,23;0,89;15,86
21. Floridsdorf;92100;2017;23,65;30,43;11,97;8,84;8,03;0,91;16,16
21. Floridsdorf;92100;2018;23,76;29,9;11,69;9,07;7,95;0,93;16,71
21. Floridsdorf;92100;2019;23,74;29,39;11,46;9,26;7,99;0,97;17,2
21. Floridsdorf;92100;2020;23,94;28,76;11,13;9,44;7,95;0,98;17,8
21. Floridsdorf;92100;2021;23,95;28,22;10,9;9,55;7,93;0,99;18,46
21. Floridsdorf;92100;2022;23,94;27,49;10,74;9,68;7,91;0,99;19,25
21. Floridsdorf;92100;2023;24,21;26,96;10,46;9,86;7,78;1,01;19,71
22. Donaustadt;92200;2008;17,49;34,5;15,71;8,37;9,46;1,02;13,45
22. Donaustadt;92200;2009;18,15;33,62;15,48;8,45;9,33;1,05;13,92
22. Donaustadt;92200;2010;18,46;32,97;15,28;8,57;9,42;1,05;14,25
22. Donaustadt;92200;2011;18,57;32,25;15,06;8,55;9,56;1,03;14,97
22. Donaustadt;92200;2012;18,78;31,28;14,8;8,53;9,69;1,09;15,85
22. Donaustadt;92200;2013;19,29;30,39;14,48;8,58;9,64;1,1;16,51
22. Donaustadt;92200;2014;19,55;29,55;14,23;8,65;9,65;1,1;17,27
22. Donaustadt;92200;2015;18,19;29,59;13,66;9,43;9,76;1,07;18,3
22. Donaustadt;92200;2016;18,14;28,99;13,38;9,66;9,76;1,11;18,96
22. Donaustadt;92200;2017;17,93;28,64;13,19;9,91;9,73;1,12;19,48
22. Donaustadt;92200;2018;18,02;28,01;12,83;10,2;9,6;1,15;20,18
22. Donaustadt;92200;2019;18,02;27,44;12,61;10,19;9,46;1,15;21,13
22. Donaustadt;92200;2020;18,13;26,88;12,22;10,3;9,36;1,19;21,92
22. Donaustadt;92200;2021;18,01;26,33;11,85;10,47;9,28;1,2;22,87
22. Donaustadt;92200;2022;17,86;25,63;11,56;10,52;9,26;1,2;23,98
22. Donaustadt;92200;2023;17,97;25,02;11,22;10,61;9,13;1,21;24,84
23. Liesing;92300;2008;16,37;29,79;15,01;9,33;10,3;1,2;18,01
23. Liesing;92300;2009;16,94;29,14;14,72;9,29;10,09;1,21;18,6
23. Liesing;92300;2010;17,28;28,69;14,41;9,46;10,1;1,21;18,85
23. Liesing;92300;2011;17,55;28,26;14,09;9,41;10,11;1,15;19,43
23. Liesing;92300;2012;17,74;27,66;13,69;9,33;10,17;1,16;20,24
23. Liesing;92300;2013;18,21;26,87;13,42;9,16;10,12;1,17;21,04
23. Liesing;92300;2014;18,58;26,3;13,29;9,21;10,02;1,19;21,4
23. Liesing;92300;2015;17,94;26,74;12,7;9,63;9,99;1,19;21,8
23. Liesing;92300;2016;18,16;26,41;12,43;9,72;9,9;1,23;22,15
23. Liesing;92300;2017;18,19;26,3;12,18;9,84;9,81;1,23;22,44
23. Liesing;92300;2018;18,35;25,73;11,87;10,03;9,77;1,25;22,99
23. Liesing;92300;2019;18,27;25,36;11,49;10,25;9,83;1,26;23,54
23. Liesing;92300;2020;18,38;24,83;11,24;10,27;9,79;1,28;24,2
23. Liesing;92300;2021;18,62;24,45;10,95;10,33;9,76;1,28;24,61
23. Liesing;92300;2022;18,62;24,02;10,75;10,31;9,6;1,29;25,41
23. Liesing;92300;2023;18,83;23,75;10,55;10,43;9,56;1,27;25,6
